userId,firstname,lastname,emailmerchantTDZYYTO
merchantXIYVBEC,Fname_XIYVBEC,Lname_XIYVBEC,padmawati.taddy@bankfab.com
merchantZFYFLTX,Fname_ZFYFLTX,Lname_ZFYFLTX,padmawati.taddy@bankfab.com
makerZFYFLTX,Fmaker_ZFYFLTX,LmakerZFYFLTX,padmawati.taddy@bankfab.com
checkZFYFLTX,FcheckerZFYFLTX,LcheckerZFYFLTX,padmawati.taddy@bankfab.com
merchantWNUTGGE,Fname_WNUTGGE,Lname_WNUTGGE,padmawati.taddy@bankfab.com
makerWNUTGGE,Fmaker_WNUTGGE,LmakerWNUTGGE,padmawati.taddy@bankfab.com
checkWNUTGGE,FcheckerWNUTGGE,LcheckerWNUTGGE,padmawati.taddy@bankfab.com
merchantJQKGILI,Fname_JQKGILI,Lname_JQKGILI,padmawati.taddy@bankfab.com
makerJQKGILI,Fmaker_JQKGILI,LmakerJQKGILI,padmawati.taddy@bankfab.com
checkJQKGILI,FcheckerJQKGILI,LcheckerJQKGILI,padmawati.taddy@bankfab.com
merchantUFLMYTW,Fname_UFLMYTW,Lname_UFLMYTW,padmawati.taddy@bankfab.com
makerUFLMYTW,Fmaker_UFLMYTW,LmakerUFLMYTW,padmawati.taddy@bankfab.com
checkUFLMYTW,FcheckerUFLMYTW,LcheckerUFLMYTW,padmawati.taddy@bankfab.com
merchantYDBWAQZ,Fname_YDBWAQZ,Lname_YDBWAQZ,padmawati.taddy@bankfab.com
makerYDBWAQZ,Fmaker_YDBWAQZ,LmakerYDBWAQZ,padmawati.taddy@bankfab.com
checkYDBWAQZ,FcheckerYDBWAQZ,LcheckerYDBWAQZ,padmawati.taddy@bankfab.com
merchSVAQCL,Fname_SVAQCL,Lname_SVAQCL,padmawati.taddy@bankfab.com
makerSVAQCL,Fmaker_SVAQCL,LmakerSVAQCL,padmawati.taddy@bankfab.com
checkSVAQCL,FcheckerSVAQCL,LcheckerSVAQCL,padmawati.taddy@bankfab.com
merchWBZXQN,Fname_WBZXQN,Lname_WBZXQN,padmawati.taddy@bankfab.com
makerWBZXQN,Fmaker_WBZXQN,LmakerWBZXQN,padmawati.taddy@bankfab.com
checkWBZXQN,FcheckerWBZXQN,LcheckerWBZXQN,padmawati.taddy@bankfab.com
merchRUDAGZ,Fname_RUDAGZ,Lname_RUDAGZ,padmawati.taddy@bankfab.com
merchNQMPYN,Fname_NQMPYN,Lname_NQMPYN,padmawati.taddy@bankfab.com
merchDVIGFG,Fname_DVIGFG,Lname_DVIGFG,padmawati.taddy@bankfab.com
merchHZMPFI,Fname_HZMPFI,Lname_HZMPFI,padmawati.taddy@bankfab.com
merchRCMJQJ,Fname_RCMJQJ,Lname_RCMJQJ,padmawati.taddy@bankfab.com
merchERGJGX,Fname_ERGJGX,Lname_ERGJGX,padmawati.taddy@bankfab.com
merchEIWLNZ,Fname_EIWLNZ,Lname_EIWLNZ,padmawati.taddy@bankfab.com
merchMHQGDP,Fname_MHQGDP,Lname_MHQGDP,padmawati.taddy@bankfab.com
merchFSEMGP,Fname_FSEMGP,Lname_FSEMGP,padmawati.taddy@bankfab.com
merchAXXUJK,Fname_AXXUJK,Lname_AXXUJK,padmawati.taddy@bankfab.com
merchVPJAFU,Fname_VPJAFU,Lname_VPJAFU,padmawati.taddy@bankfab.com
merchAGSCLK,Fname_AGSCLK,Lname_AGSCLK,padmawati.taddy@bankfab.com
merchZVOYAK,Fname_ZVOYAK,Lname_ZVOYAK,padmawati.taddy@bankfab.com
merchVMWETO,Fname_VMWETO,Lname_VMWETO,padmawati.taddy@bankfab.com
merchTVRAPX,Fname_TVRAPX,Lname_TVRAPX,padmawati.taddy@bankfab.com
merchAQEDOS,Fname_AQEDOS,Lname_AQEDOS,padmawati.taddy@bankfab.com
merchYVXOYB,Fname_YVXOYB,Lname_YVXOYB,padmawati.taddy@bankfab.com
merchTOYTHD,Fname_TOYTHD,Lname_TOYTHD,padmawati.taddy@bankfab.com
merchXHREIK,Fname_XHREIK,Lname_XHREIK,padmawati.taddy@bankfab.com
merchEQNVNJ,Fname_EQNVNJ,Lname_EQNVNJ,padmawati.taddy@bankfab.com
merchRHYCJN,Fname_RHYCJN,Lname_RHYCJN,padmawati.taddy@bankfab.com
merchWCWYOK,Fname_WCWYOK,Lname_WCWYOK,padmawati.taddy@bankfab.com
merchEYTBEE,Fname_EYTBEE,Lname_EYTBEE,padmawati.taddy@bankfab.com
makerYHVVEI,Fmaker_YHVVEI,LmakerYHVVEI,padmawati.taddy@bankfab.com
checkYHVVEI,FcheckerYHVVEI,LcheckerYHVVEI,padmawati.taddy@bankfab.com
merchPMLMPO,Fname_PMLMPO,Lname_PMLMPO,padmawati.taddy@bankfab.com
merchZIBMQZ,Fname_ZIBMQZ,Lname_ZIBMQZ,padmawati.taddy@bankfab.com
merchDHTNXY,Fname_DHTNXY,Lname_DHTNXY,padmawati.taddy@bankfab.com
merchQNFZRW,Fname_QNFZRW,Lname_QNFZRW,padmawati.taddy@bankfab.com
merchYAEOWE,Fname_YAEOWE,Lname_YAEOWE,padmawati.taddy@bankfab.com
makerTDMXOL,Fmaker_TDMXOL,LmakerTDMXOL,padmawati.taddy@bankfab.com
checkTDMXOL,FcheckerTDMXOL,LcheckerTDMXOL,padmawati.taddy@bankfab.com
merchGTSPWA,Fname_GTSPWA,Lname_GTSPWA,padmawati.taddy@bankfab.com
merchAOUFBJ,Fname_AOUFBJ,Lname_AOUFBJ,padmawati.taddy@bankfab.com
makerBBKLNG,Fmaker_BBKLNG,LmakerBBKLNG,padmawati.taddy@bankfab.com
checkBBKLNG,FcheckerBBKLNG,LcheckerBBKLNG,padmawati.taddy@bankfab.com
merchOFEVET,Fname_OFEVET,Lname_OFEVET,padmawati.taddy@bankfab.com
merchEQKAWI,Fname_EQKAWI,Lname_EQKAWI,padmawati.taddy@bankfab.com
makerJKKQBK,Fmaker_JKKQBK,LmakerJKKQBK,padmawati.taddy@bankfab.com
checkJKKQBK,FcheckerJKKQBK,LcheckerJKKQBK,padmawati.taddy@bankfab.com
merchZFFLFO,Fname_ZFFLFO,Lname_ZFFLFO,padmawati.taddy@bankfab.com
makerPUCYMO,Fmaker_PUCYMO,LmakerPUCYMO,padmawati.taddy@bankfab.com
checkPUCYMO,FcheckerPUCYMO,LcheckerPUCYMO,padmawati.taddy@bankfab.com
